"","Left truncation adjustment","Test sample","mean","min","q01","q10","q25","median","q75","q90","q99","max"
"1","No","Observed",0.724701209437901,0.690378085767107,0.691024613313051,0.702620673965297,0.713103645630968,0.724884159800448,0.737400978262845,0.745930522403723,0.757879864250671,0.763154427043738
"2","Yes","Observed",0.674715659296006,0.626630546133358,0.638853667296626,0.651678005498853,0.664302300812087,0.675334518366543,0.686799373862498,0.69668692633583,0.708626303415779,0.713075124386856
"3","No","Complete",0.689130137125749,0.667274186332722,0.669444937484367,0.677009655039342,0.682841531177689,0.688580152189514,0.695603025811873,0.701255791928388,0.714924439644704,0.715480715665238
"4","Yes","Complete",0.688507616562982,0.667103593417899,0.668938038919035,0.676496258269681,0.682016201546172,0.687883108665444,0.694923749990804,0.701328027043847,0.714180235496707,0.715799330304596
