"","mean","min","q01","q10","q25","median","q75","q90","q99","max"
"1",0.590152,0.5738,0.57659,0.58118,0.5854,0.5905,0.5944,0.59862,0.605202,0.6068
