"","mean","min","q01","q10","q25","median","q75","q90","q99","max"
"1",0.323718,0.3074,0.309198,0.315,0.31955,0.3238,0.3282,0.3318,0.337814,0.3412
