"user.self","sys.self","elapsed","user.child","sys.child","n_patients","n_sims"
3.15800000000002,3.88400000000001,115.152,0.203999999999951,2.822,5000,200
