"","left_truncation","test_sample","q0.1","q0.25","q0.5","q0.75","q0.9"
"1","No","Observed",0.236922210969018,0.806058134945166,2.18932686602487,4.65293096381571,7.60934631014205
"2","Yes","Observed",0.0755522160800276,0.336432902748396,1.23962206772478,3.35231930941603,6.39249673691272
"3","No","Complete",0.170158389394088,0.605101563330701,1.66305210555073,3.56019461665018,5.97991252795766
"4","Yes","Complete",0.0551307845552199,0.245412820613497,0.905794199250789,2.47758970484361,4.89997506886236
