"","mean","min","q01","q10","q25","median","q75","q90","q99","max"
"1",0.324468,0.305,0.306862,0.31604,0.3208,0.3239,0.32995,0.33454,0.341232,0.3428
