"","mean","min","q01","q10","q25","median","q75","q90","q99","max"
"1",3.77564004809441,3.75833540119269e-11,0.000108685889259814,0.00848307039002775,0.0387750787199364,0.273620172413562,1.63031544050189,7.3882366782069,86.5613195041652,100
