"","mean","min","q01","q10","q25","median","q75","q90","q99","max"
"1",0.934992764321305,1.02381974418864e-09,0.000330072591610353,0.0178376678810942,0.0832824532264099,0.309485011272711,0.912850581747148,2.21014145708731,9.64388381745608,100
