"","left_truncation","test_sample","q0.1","q0.25","q0.5","q0.75","q0.9"
"1","No","Observed",0.305800442112345,1.01007443895675,2.70026836266608,5.6645179863809,9.31477058353074
"2","Yes","Observed",0.0931568348973082,0.411842885897415,1.5298649890053,4.14268050747324,8.06450719096603
"3","No","Complete",0.204933392110313,0.701745571535935,1.90233932665249,4.04316435983928,6.78507937838544
"4","Yes","Complete",0.0643592968651786,0.282482748336054,1.04769401433326,2.87730960656801,5.75311017302267
