"","left_truncation","test_sample","q0.1","q0.25","q0.5","q0.75","q0.9"
"1","No","Observed",0.226602477674831,0.788016650445586,2.20046721971154,4.92243218949463,8.06795744278979
"2","Yes","Observed",0.0699198966247582,0.319987011592786,1.21479142397428,3.49373598119461,6.76348867534241
"3","No","Complete",0.160659429237693,0.586117880817344,1.65445813745374,3.68271507180568,6.22068407014216
"4","Yes","Complete",0.0506174407716334,0.231582204325629,0.878189139130919,2.52353198741938,5.06372777520505
