"","mean","min","q01","q10","q25","median","q75","q90","q99","max"
"1",0.324137,0.3066,0.308394,0.31414,0.3198,0.3246,0.3292,0.3318,0.337408,0.3388
