"","Left truncation adjustment","Test sample","mean","min","q01","q10","q25","median","q75","q90","q99","max"
"1","No","Observed",0.69346170138469,0.643173850908158,0.657690496436081,0.671391774131183,0.682099706813687,0.693965454274846,0.704566574754595,0.714794160492814,0.727281378974104,0.733420430508896
"2","Yes","Observed",0.649683155930044,0.606183670264085,0.614125051651975,0.629691606455987,0.638828671732851,0.650350755382235,0.660103019742415,0.671042243354192,0.689451666155098,0.6988861691429
"3","No","Complete",0.650954197569593,0.611800850875071,0.619735086097979,0.637682597086665,0.644809379963668,0.651572187081554,0.65789120654376,0.664010081166656,0.672371117645496,0.677334136200307
"4","Yes","Complete",0.649729989447223,0.61377519060589,0.624323359946593,0.636273915324329,0.643994121430324,0.650411556516304,0.656468102365556,0.662277347159468,0.67192831808327,0.674223324476781
