"","Left truncation adjustment","Test sample","mean","min","q01","q10","q25","median","q75","q90","q99","max"
"1","No","Observed",0.697994403695745,0.648253649311506,0.656398678954175,0.676643006628746,0.686191869025323,0.697483461983137,0.710645137258558,0.718656838178872,0.729431674761986,0.740302348021872
"2","Yes","Observed",0.654228674379279,0.60594466728376,0.613940106539937,0.631618620516285,0.644713545716054,0.654374347611906,0.664121363563882,0.675579833406534,0.693815059599154,0.707118085166866
"3","No","Complete",0.653757492703317,0.632528023209811,0.632673677326581,0.640718471153756,0.647700463272258,0.654067823157316,0.660639706235795,0.665484908329385,0.674045848214575,0.684547140802121
"4","Yes","Complete",0.653015105374822,0.630583322343839,0.633130757348645,0.639038284766083,0.64695374608459,0.653558999075153,0.659484197696386,0.664755535353245,0.672323778536464,0.685144811638542
