"","Left truncation adjustment","Test sample","mean","min","q01","q10","q25","median","q75","q90","q99","max"
"1","No","Observed",0.72650096977139,0.678809050357392,0.685865036940053,0.704508355474155,0.716225360641158,0.727879509954157,0.738038397325538,0.745085113539484,0.755533194483143,0.764930204091241
"2","Yes","Observed",0.677004553934151,0.633323746524782,0.639880086618829,0.656580622835087,0.667664707700145,0.677199486307138,0.687200359461275,0.697165881122109,0.708987848744184,0.711003649635036
"3","No","Complete",0.689299072586895,0.662068449411295,0.665890570129077,0.677492934369648,0.683269829768377,0.689332984353104,0.695332352162128,0.69940509511806,0.716247969708087,0.723489215363096
"4","Yes","Complete",0.688794995111711,0.662173575277247,0.66555948975926,0.676673354471564,0.682914478048463,0.689002233625785,0.694388638727056,0.69837114358729,0.71650696305418,0.722149265433034
