"","left_truncation","test_sample","q0.1","q0.25","q0.5","q0.75","q0.9"
"1","No","Observed",0.248586052186615,0.842339007475418,2.26650205814685,4.74785287451064,7.77313490646959
"2","Yes","Observed",0.0787551893868418,0.352010088827776,1.29552958449233,3.42170980968395,6.55454477298015
"3","No","Complete",0.176083038060777,0.622692840601985,1.70664772932753,3.60356003288654,6.04124781808757
"4","Yes","Complete",0.0568434929271362,0.253396635945456,0.936346765503613,2.52617110053675,4.98017999248603
