"user.self","sys.self","elapsed","user.child","sys.child","n_patients","n_sims"
3.39699999999999,4.46200000000002,134.561,0.280999999999949,4.43700000000001,5000,200
