"","left_truncation","test_sample","q0.1","q0.25","q0.5","q0.75","q0.9"
"1","No","Observed",0.238732269505191,0.813444938018898,2.2203332739278,4.74480775823199,7.73528150437513
"2","Yes","Observed",0.0759207427033807,0.338126985672199,1.24778011828664,3.41234606431589,6.51513478627687
"3","No","Complete",0.171667003133299,0.610606054695239,1.68604826034003,3.62452060349548,6.08730291694092
"4","Yes","Complete",0.0555296058784473,0.246661493357519,0.912275029605268,2.51612122353588,5.00197657275986
