"","mean","min","q01","q10","q25","median","q75","q90","q99","max"
"1",0.934444533488846,3.19599777143915e-09,0.000311919300830152,0.0179832257373672,0.0830947347959673,0.310814597988512,0.911932755500474,2.20508613508559,9.58913767914931,100
