"","Estimate","Estimation sample","q0.1","q0.25","q0.5","q0.75","q0.9"
"1","True survival","Complete",0.0307638372069362,0.140467797173113,0.516990481073753,1.38938774502082,2.96611486521515
"2","Right censored adjusted survival","Complete",0.0307543774817811,0.140408364291389,0.520256807116307,1.39035383226649,2.97065849876528
"3","Right censored adjusted survival","Observed",0.0952858455009509,0.394933196303635,1.05228599917754,2.27663326460524,3.88070502490322
"4","Left truncated and right censored adjusted survival","Observed",0.0273082728935186,0.151622939137187,0.526315152456657,1.41423489610905,3.03648097835893
