"","mean","min","q01","q10","q25","median","q75","q90","q99","max"
"1",0.324675,0.298,0.307764,0.3162,0.3202,0.3248,0.3295,0.33322,0.340214,0.3418
