"","Estimate","Estimation sample","q0.1","q0.25","q0.5","q0.75","q0.9"
"1","True survival","Complete",0.0243744520563695,0.116573770346562,0.494659702164266,1.58859063024328,4.37421731728187
"2","Right censored adjusted survival","Complete",0.0244066041857559,0.118570980601357,0.526042412923351,1.86751512922756,6.05522403453682
"3","Right censored adjusted survival","Observed",0.0809305525834775,0.444267732880637,1.39200648996731,4.31911681011632,11.7000063413214
"4","Left truncated and right censored adjusted survival","Observed",0.0197407342228272,0.118054382954229,0.537549103834289,1.87557904607359,6.12355930001987
