"","mean","min","q01","q10","q25","median","q75","q90","q99","max"
"1",0.586791,0.5686,0.571796,0.5793,0.5826,0.5863,0.59125,0.595,0.601214,0.6032
