"","mean","min","q01","q10","q25","median","q75","q90","q99","max"
"1",0.587722,0.5694,0.574754,0.57998,0.58315,0.5876,0.59245,0.59542,0.601808,0.6026
