"","mean","min","q01","q10","q25","median","q75","q90","q99","max"
"1",0.965199248136582,3.48147442375487e-11,0.000305944965071459,0.0175504763270853,0.0826897098487559,0.309689773995819,0.918498211317376,2.25001352960425,10.2926348550373,100
