"","mean","min","q01","q10","q25","median","q75","q90","q99","max"
"1",0.589419,0.5708,0.573398,0.58136,0.5844,0.5893,0.5944,0.5982,0.605828,0.609
