"","left_truncation","test_sample","q0.1","q0.25","q0.5","q0.75","q0.9"
"1","No","Observed",0.239122438699239,0.822755411110631,2.25679818484195,4.88136084380512,7.9883763162912
"2","Yes","Observed",0.0748089714265661,0.340831495434772,1.27484812606894,3.49669508920058,6.71999526963605
"3","No","Complete",0.16773898396732,0.605276012839018,1.68370973095649,3.66136019137047,6.14470895332281
"4","Yes","Complete",0.0532244895987839,0.243030849508007,0.911404373662203,2.52813376409513,5.02712625000644
