"","Left truncation adjustment","Test sample","mean","min","q01","q10","q25","median","q75","q90","q99","max"
"1","No","Observed",0.69899587428097,0.657463739756407,0.664661839866024,0.679447448221361,0.689455383097908,0.699878869891891,0.708860086881663,0.716879749173372,0.731685878352494,0.738114775450662
"2","Yes","Observed",0.656024670059107,0.609903126189771,0.622366905427835,0.63754304819278,0.646162826707755,0.656844685556105,0.664808058289416,0.673818036938527,0.684979828959666,0.692147827945752
"3","No","Complete",0.653672811093441,0.633949670519569,0.634152682687268,0.640266480501982,0.647621506199276,0.653229866743323,0.659216929889256,0.666872787487673,0.676942684283215,0.683974762256444
"4","Yes","Complete",0.653025401604885,0.630077608096992,0.633237270348272,0.639503838378366,0.647497767963254,0.652593900922983,0.659000722623171,0.666851405769169,0.675282025184908,0.683312818549012
