"","Estimate","Estimation sample","q0.1","q0.25","q0.5","q0.75","q0.9"
"1","True survival","Complete",0.0220505025757988,0.118976331395633,0.490297863773175,1.63156543989584,4.54446632064717
"2","Right censored adjusted survival","Complete",0.022055204341835,0.12049938619686,0.506329577036562,1.95116579179452,6.84385031458259
"3","Right censored adjusted survival","Observed",0.0699557418194154,0.417175637141586,1.40844903693834,4.02156875435517,15.7298431926665
"4","Left truncated and right censored adjusted survival","Observed",0.0221960200240136,0.104485332566816,0.512514246333311,1.91990272179925,6.82137923360785
