"","mean","min","q01","q10","q25","median","q75","q90","q99","max"
"1",0.589928,0.5714,0.576376,0.5822,0.5855,0.5898,0.5948,0.59802,0.603014,0.6098
