"","Left truncation adjustment","Test sample","mean","min","q01","q10","q25","median","q75","q90","q99","max"
"1","No","Observed",0.701714975593412,0.661449958715397,0.666944015825007,0.684283353572021,0.690557132588486,0.702228747214217,0.71010153113724,0.724897385920789,0.737969033886712,0.742688972157058
"2","Yes","Observed",0.659941160075947,0.628298890058544,0.63112110908821,0.643048170303443,0.648402872499189,0.659604369624634,0.668945173212758,0.67930012826001,0.695698459835201,0.702860724442449
"3","No","Complete",0.656534558287083,0.641565839607646,0.64168322950694,0.647431891264803,0.650940974793433,0.654606742876145,0.661468576729492,0.669145868210725,0.677103607947419,0.677414070096817
"4","Yes","Complete",0.655081323315295,0.639718858340292,0.639890570363427,0.645506838058507,0.649477455291364,0.65287846265996,0.661484477146658,0.669357713379451,0.675162900930821,0.676587888780845
