"","mean","min","q01","q10","q25","median","q75","q90","q99","max"
"1",0.324303,0.3074,0.31018,0.31578,0.3194,0.324,0.3288,0.3336,0.339802,0.34
