"user.self","sys.self","elapsed","user.child","sys.child","n_patients","n_sims"
2.33699999999999,1.599,62.4809999999998,0.0890000000000004,1.734,5000,40
