"","mean","min","q01","q10","q25","median","q75","q90","q99","max"
"1",0.324007,0.3082,0.308998,0.316,0.31935,0.3237,0.3288,0.332,0.336836,0.345
