"","mean","min","q01","q10","q25","median","q75","q90","q99","max"
"1",1.05091393779806,1.29109600736557e-09,0.000699450355498907,0.0159336178414234,0.0720310421293213,0.29179766561762,0.961291587670844,2.51828413815951,11.5607068250943,100
