"","left_truncation","test_sample","q0.1","q0.25","q0.5","q0.75","q0.9"
"1","No","Observed",0.233458662443378,0.804801680164848,2.19347868369797,4.63631158302556,7.59002999617778
"2","Yes","Observed",0.0729289356882337,0.331163123410823,1.23361575107697,3.33669770419827,6.37072630401865
"3","No","Complete",0.166693003636929,0.60180009026713,1.66370241666043,3.55703357631219,5.98265521725656
"4","Yes","Complete",0.0529458776326774,0.24065142216265,0.898496650473286,2.46868890310596,4.88832128730635
