"","mean","min","q01","q10","q25","median","q75","q90","q99","max"
"1",0.323256,0.3086,0.31056,0.31466,0.3194,0.3229,0.3262,0.3324,0.340044,0.3422
