"","mean","min","q01","q10","q25","median","q75","q90","q99","max"
"1",3.92522221214253,1.62506201072919e-10,0.000102787276462056,0.00864469302948582,0.038339054845871,0.267956211723055,1.60769421176239,7.50264033483586,99.7325236003815,100
