"","Left truncation adjustment","Test sample","mean","min","q01","q10","q25","median","q75","q90","q99","max"
"1","No","Observed",0.700527831583759,0.635416360627161,0.643844326164306,0.677366019721454,0.688946458178929,0.703413467707054,0.713552133889414,0.722176865901599,0.735406772541382,0.74935738788927
"2","Yes","Observed",0.626962666330623,0.563571989244618,0.579504859467887,0.603643787873552,0.618103871402412,0.628557947263714,0.638479105470558,0.649942594884326,0.665751463190461,0.676582575586348
"3","No","Complete",0.693490312697892,0.647308447111673,0.653531484163497,0.672961751154991,0.68447102360499,0.694775598933919,0.704550593910987,0.711131309216703,0.718561702345105,0.722412464686243
"4","Yes","Complete",0.663544229319758,0.625607121280902,0.630208741321898,0.642997548119149,0.653442482413159,0.663426104037118,0.674342925868879,0.682546282263045,0.693316262135346,0.696603030562452
