"","mean","min","q01","q10","q25","median","q75","q90","q99","max"
"1",0.323955,0.3134,0.313712,0.31742,0.31945,0.3229,0.32705,0.3322,0.339904,0.3424
