"","left_truncation","test_sample","q0.1","q0.25","q0.5","q0.75","q0.9"
"1","No","Observed",0.268235116917022,1.72926961770705,8.48299168753745,26.1794730586996,48.2223602144154
"2","Yes","Observed",0.0232634735593395,0.219574743266771,2.52340741662374,16.6603927791486,45.1107106803985
"3","No","Complete",0.171689741081939,1.14003636923843,5.63449835004074,18.2798568972397,36.577770465449
"4","Yes","Complete",0.0184241406346131,0.151254526874473,1.67047226632007,11.6456403374836,35.2328942319091
