"","left_truncation","test_sample","q0.1","q0.25","q0.5","q0.75","q0.9"
"1","No","Observed",0.209616465995333,0.743373642779247,2.07496656162221,4.59105058285535,7.69797798149258
"2","Yes","Observed",0.0626655030115161,0.289307961705129,1.10877883683607,3.18957951024171,6.36834136554371
"3","No","Complete",0.151905981219839,0.564563856746648,1.59577184151903,3.53477373597247,6.07284175411249
"4","Yes","Complete",0.0466820218426552,0.215466599255488,0.824519730207364,2.38031455414328,4.90103729951625
