"","mean","min","q01","q10","q25","median","q75","q90","q99","max"
"1",0.324162,0.304,0.307982,0.31556,0.3198,0.3243,0.3282,0.33286,0.338414,0.3422
