"","Left truncation adjustment","Test sample","mean","min","q01","q10","q25","median","q75","q90","q99","max"
"1","No","Observed",0.726274592592576,0.686861230978878,0.690851700785247,0.709152509637715,0.715857988019503,0.726834172578172,0.73562235088927,0.744874993687858,0.758057405342762,0.764836884555194
"2","Yes","Observed",0.67666549240655,0.630224569624526,0.637169685627112,0.656422804751667,0.668626231200299,0.677349734150779,0.68629222092223,0.693646369116928,0.705039333665109,0.722495647875518
"3","No","Complete",0.690083468973685,0.658417679053234,0.66773681924933,0.678138244053776,0.683783959716519,0.690618552055118,0.697374088734279,0.702102691074041,0.707498157234312,0.711926718486269
"4","Yes","Complete",0.689449678645228,0.655947979271653,0.665019648366291,0.677420266231276,0.683809948359014,0.689621994563479,0.69679240219994,0.701628465325449,0.706975009631428,0.71099947117927
