"","mean","min","q01","q10","q25","median","q75","q90","q99","max"
"1",0.540612,0.5296,0.529698,0.53474,0.53645,0.5401,0.5434,0.54882,0.553902,0.554
