"","mean","min","q01","q10","q25","median","q75","q90","q99","max"
"1",0.590246,0.5718,0.574396,0.58118,0.58435,0.59,0.5968,0.60022,0.605006,0.607
