"","mean","min","q01","q10","q25","median","q75","q90","q99","max"
"1",0.587048,0.5726,0.573592,0.57838,0.5824,0.5872,0.5912,0.59484,0.601408,0.609
