"user.self","sys.self","elapsed","user.child","sys.child","n_patients","n_sims"
2.08400000000006,1.127,24.9519999999993,0.0239999999999991,0.609999999999999,5000,40
