"","mean","min","q01","q10","q25","median","q75","q90","q99","max"
"1",0.324728865979381,0.298,0.307548,0.31626,0.3203,0.3248,0.32935,0.33334,0.340298,0.3418
