"","mean","min","q01","q10","q25","median","q75","q90","q99","max"
"1",0.3257,0.3126,0.31456,0.31898,0.32165,0.3247,0.329,0.3356,0.338702,0.3388
