"","mean","min","q01","q10","q25","median","q75","q90","q99","max"
"1",0.956155135737739,2.00970502878009e-11,0.000314468001817573,0.0178479139234454,0.0833782019112587,0.309302688164671,0.916981125075968,2.23397245610309,10.0859494483811,100
