"","mean","min","q01","q10","q25","median","q75","q90","q99","max"
"1",0.589863,0.5702,0.572388,0.58074,0.58605,0.5899,0.5944,0.5982,0.606612,0.6088
