"","mean","min","q01","q10","q25","median","q75","q90","q99","max"
"1",0.324535,0.311,0.311624,0.31596,0.31975,0.3249,0.33015,0.3321,0.339322,0.3394
