"","left_truncation","test_sample","q0.1","q0.25","q0.5","q0.75","q0.9"
"1","No","Observed",0.209616465995333,0.743373642779258,2.07496656162227,4.59105058285562,7.69797798149316
"2","Yes","Observed",0.0626655030115157,0.28930796170513,1.1087788368361,3.18957951024187,6.36834136554416
"3","No","Complete",0.151905981219839,0.564563856746653,1.59577184151907,3.53477373597264,6.07284175411289
"4","Yes","Complete",0.0466820218426548,0.215466599255488,0.824519730207378,2.38031455414338,4.90103729951655
