"","mean","min","q01","q10","q25","median","q75","q90","q99","max"
"1",0.935390354256535,1.02381974418864e-09,0.000329775169068283,0.0178467902437795,0.0833007160242977,0.309583376378034,0.912996277186316,2.21040879422668,9.64957288274204,100
