"","left_truncation","test_sample","q0.1","q0.25","q0.5","q0.75","q0.9"
"1","No","Observed",0.203939022379156,0.726826868049135,2.03509507619952,4.53810209079321,7.575054824222
"2","Yes","Observed",0.0622742232331202,0.28733084288078,1.09673556697027,3.16549142149121,6.274760642939
"3","No","Complete",0.149405097113027,0.558059858487726,1.58058656408046,3.51694416185244,6.04238500603465
"4","Yes","Complete",0.0467145361285932,0.215779758429178,0.822842100149423,2.37723858029713,4.87182261146209
