"","mean","min","q01","q10","q25","median","q75","q90","q99","max"
"1",0.3256,0.3116,0.31258,0.31516,0.3208,0.3264,0.33015,0.3333,0.34,0.34
