"","mean","min","q01","q10","q25","median","q75","q90","q99","max"
"1",0.940393725155787,5.69730571894567e-13,0.00032736636860526,0.0179794289698573,0.0833341254947017,0.309906585471869,0.917540880856661,2.22653790466097,9.66076213405134,100
