"","Left truncation adjustment","Test sample","mean","min","q01","q10","q25","median","q75","q90","q99","max"
"1","No","Observed",0.699631707265499,0.635416360627161,0.647424330633482,0.674668194459108,0.688347692860266,0.70480697865182,0.714550764128207,0.719362714370101,0.729717356460945,0.731204840135218
"2","Yes","Observed",0.624810252300683,0.589267787677249,0.590199573624269,0.594499134566819,0.613829899956785,0.627901466976529,0.637022048908451,0.647075065520508,0.654252467675503,0.65490695895998
"3","No","Complete",0.696171469025559,0.647308447111673,0.656767374952017,0.678096432721592,0.688337563821954,0.699861541461632,0.705754278818555,0.711235373938283,0.719252987459343,0.722412464686243
"4","Yes","Complete",0.666922386374884,0.638773977483005,0.639771669970467,0.646683682884592,0.656083437134861,0.668325514700503,0.678667851160787,0.685293375787272,0.69568565175468,0.696603030562452
