"","mean","min","q01","q10","q25","median","q75","q90","q99","max"
"1",0.945296996905421,1.90955796728343e-09,0.000341182478439176,0.0178032416149842,0.0836426659422,0.310976655036404,0.919952124818607,2.23738403050455,9.80009861674593,100
