"","Estimate","Estimation sample","q0.1","q0.25","q0.5","q0.75","q0.9"
"1","True survival","Complete",0.0218443467066699,0.115674921574843,0.476734798615263,1.63015650198829,4.51722953769602
"2","Right censored adjusted survival","Complete",0.0218926283733201,0.117156720385533,0.51580419705698,1.95834371116048,7.04852357148255
"3","Right censored adjusted survival","Observed",0.0889531592891821,0.476543492165923,1.53432071691064,4.90576728503918,14.3397335107129
"4","Left truncated and right censored adjusted survival","Observed",0.0212237159803449,0.12533013280914,0.57063509432947,2.22503766871723,7.56737078752452
