"","mean","min","q01","q10","q25","median","q75","q90","q99","max"
"1",0.591022222222222,0.5762,0.578776,0.5828,0.58665,0.5909,0.59555,0.5992,0.607726,0.6122
