"","mean","min","q01","q10","q25","median","q75","q90","q99","max"
"1",0.324285,0.3108,0.311794,0.31598,0.31955,0.325,0.3286,0.3324,0.338014,0.34
