"","mean","min","q01","q10","q25","median","q75","q90","q99","max"
"1",0.325289,0.3058,0.3092,0.31778,0.321,0.3256,0.3289,0.33422,0.340614,0.3424
