"","mean","min","q01","q10","q25","median","q75","q90","q99","max"
"1",0.590131,0.5708,0.573792,0.58138,0.58515,0.5905,0.595,0.59882,0.605004,0.611
