"","Left truncation adjustment","Test sample","mean","min","q01","q10","q25","median","q75","q90","q99","max"
"1","No","Observed",0.691700756106453,0.5,0.655294875938654,0.670083550167932,0.681851604816926,0.692515164796109,0.703575869106504,0.712313201073643,0.721598934998878,0.727340091928347
"2","Yes","Observed",0.647763565223879,0.5,0.607105489133982,0.624882958711603,0.637148814795951,0.649319308536214,0.660421542948727,0.668730401790354,0.685894237476621,0.693203076283517
"3","No","Complete",0.649695807411927,0.5,0.628645556744721,0.637011007844403,0.642812520217517,0.651558603539228,0.657427915715518,0.662140438800997,0.675859765847138,0.684940270106889
"4","Yes","Complete",0.648354150284811,0.5,0.622146501391462,0.63534975537185,0.641235069729771,0.649624567016147,0.655533370523117,0.661546082424768,0.671926892304938,0.686233444618471
