"","left_truncation","test_sample","q0.1","q0.25","q0.5","q0.75","q0.9"
"1","No","Observed",0.203939022379156,0.726826868049143,2.03509507619958,4.53810209079347,7.57505482422257
"2","Yes","Observed",0.0622742232331197,0.28733084288078,1.09673556697029,3.16549142149137,6.27476064293944
"3","No","Complete",0.149405097113026,0.558059858487731,1.5805865640805,3.51694416185262,6.04238500603505
"4","Yes","Complete",0.0467145361285928,0.215779758429178,0.822842100149436,2.37723858029723,4.87182261146239
