"","mean","min","q01","q10","q25","median","q75","q90","q99","max"
"1",0.590557,0.57,0.57536,0.58178,0.5862,0.5902,0.5958,0.5994,0.607008,0.6084
