"","mean","min","q01","q10","q25","median","q75","q90","q99","max"
"1",0.588905,0.576,0.576702,0.57894,0.5825,0.5877,0.59525,0.5998,0.6028,0.6028
