"","left_truncation","test_sample","q0.1","q0.25","q0.5","q0.75","q0.9"
"1","No","Observed",0.236972787692803,0.806363072139714,2.19076882020368,4.65697829186656,7.61290319893126
"2","Yes","Observed",0.0755195486277337,0.336585411418359,1.2406900292532,3.35598431961261,6.39801387672904
"3","No","Complete",0.170152793724854,0.605276180847664,1.66372822009327,3.56293988960485,5.98344087384781
"4","Yes","Complete",0.055088254923948,0.245473987941306,0.90638267662481,2.47985775180409,4.9041450749944
