"","mean","min","q01","q10","q25","median","q75","q90","q99","max"
"1",0.946526239948276,1.85093532334498e-09,0.000325942899787975,0.0182262629367786,0.083602855995363,0.311702334036214,0.919857107394758,2.23725469829464,9.9015078305414,100
