"","Left truncation adjustment","Test sample","mean","min","q01","q10","q25","median","q75","q90","q99","max"
"1","No","Observed",0.691855118847389,0.5,0.655266457866848,0.670289025238357,0.681914746132051,0.692951005555158,0.703533393992794,0.712991156212061,0.72170583783885,0.727340091928347
"2","Yes","Observed",0.647771820021515,0.5,0.607076619015359,0.625099064533395,0.637437889192956,0.649360789775533,0.660301445106779,0.668502258649635,0.685917196582925,0.693203076283517
"3","No","Complete",0.649468645199916,0.5,0.628156733463427,0.636771386957796,0.642623308005133,0.651096148839055,0.657323400890571,0.661947817363459,0.675997216824756,0.684940270106889
"4","Yes","Complete",0.64811299702979,0.5,0.621944294421487,0.635341990383933,0.641026467467349,0.649439382797868,0.655298885988381,0.661307237811076,0.672144669918964,0.686233444618471
