"","mean","min","q01","q10","q25","median","q75","q90","q99","max"
"1",0.94039372515576,5.6973057189455e-13,0.000327366368605301,0.0179794289698576,0.083334125494695,0.309906585471876,0.917540880856579,2.22653790466107,9.66076213405177,100
