"","mean","min","q01","q10","q25","median","q75","q90","q99","max"
"1",4.1751597076384,1.4293368010756e-13,9.16540600356551e-05,0.00790499060469658,0.0366877609375923,0.266155432605536,1.6884020660902,8.18148906149679,100,100
