"","mean","min","q01","q10","q25","median","q75","q90","q99","max"
"1",0.324155,0.305,0.307384,0.3152,0.31975,0.3246,0.32905,0.33146,0.341214,0.343
