"","mean","min","q01","q10","q25","median","q75","q90","q99","max"
"1",0.324327,0.3086,0.311378,0.3166,0.32055,0.324,0.3284,0.3324,0.339222,0.3422
