"","left_truncation","test_sample","q0.1","q0.25","q0.5","q0.75","q0.9"
"1","No","Observed",0.228191619083352,0.79511818697825,2.21163186432732,4.8717736749432,8.15119053597543
"2","Yes","Observed",0.0700535306435828,0.321042722668564,1.21779568872899,3.44856597631362,6.84102703407242
"3","No","Complete",0.16160686957072,0.590600766786287,1.66279730042959,3.66620350711293,6.26568331522557
"4","Yes","Complete",0.050708941768083,0.232055114000378,0.880590818932516,2.50882366529484,5.1157156027015
