"","Left truncation adjustment","Test sample","mean","min","q01","q10","q25","median","q75","q90","q99","max"
"1","No","Observed",0.693183476375875,0.648623390324171,0.657945956940062,0.675813988435167,0.683458722268873,0.692620089929549,0.702685965167349,0.713570123961306,0.731312838993323,0.74709586801598
"2","Yes","Observed",0.650651347944092,0.60851111246176,0.614175354542561,0.629215128753517,0.639921723065291,0.648949390646221,0.663001869076032,0.673642633843303,0.692615947556112,0.698310968689499
"3","No","Complete",0.649722534229301,0.62390896939705,0.626460874530001,0.637339859924217,0.643625488618719,0.649661408495589,0.656683895589848,0.661950473451764,0.671239620573681,0.675260239234275
"4","Yes","Complete",0.648752100118441,0.623249377924974,0.623620729208098,0.63626201410708,0.642169963426366,0.649320402884566,0.655962811248653,0.660250670659057,0.670662022862743,0.677559307583282
