"","mean","min","q01","q10","q25","median","q75","q90","q99","max"
"1",0.96238412388016,6.85390365592234e-10,0.000296696106304682,0.0176606717600618,0.0827324707914743,0.309226771423877,0.914791608799628,2.23687068032428,10.3503142737897,100
