"","left_truncation","test_sample","q0.1","q0.25","q0.5","q0.75","q0.9"
"1","No","Observed",0.233454659234697,0.805013841612688,2.19612944073751,4.64733606010732,7.6217546926449
"2","Yes","Observed",0.0729357026942971,0.331537110282364,1.23611905745994,3.34558435278581,6.39973776658085
"3","No","Complete",0.166634016046636,0.60190755826861,1.66509845963687,3.56223141284462,6.00170976036703
"4","Yes","Complete",0.0529423661889391,0.240846083514559,0.900112908408712,2.47368892524356,4.90598822007936
