"","mean","min","q01","q10","q25","median","q75","q90","q99","max"
"1",0.59040206185567,0.5708,0.573744,0.5816,0.58525,0.591,0.59515,0.59894,0.605028,0.611
