"","mean","min","q01","q10","q25","median","q75","q90","q99","max"
"1",0.95899917336037,5.18491605022591e-11,0.000307157351931709,0.0177306505912344,0.082941642271646,0.309641738091328,0.919735049106638,2.23802524203709,10.1038323096854,100
