"","mean","min","q01","q10","q25","median","q75","q90","q99","max"
"1",0.540043,0.5242,0.5274,0.53298,0.5364,0.5401,0.54385,0.5468,0.550206,0.552
