"","mean","min","q01","q10","q25","median","q75","q90","q99","max"
"1",0.962087164469352,4.84603372491311e-10,0.000298530509274145,0.0177456011880825,0.0832597579939035,0.310792135937045,0.919932095484967,2.24956431644358,10.2611821258036,100
