"","left_truncation","test_sample","q0.1","q0.25","q0.5","q0.75","q0.9"
"1","No","Observed",0.233454659234697,0.805013841612701,2.1961294407376,4.64733606010759,7.62175469264545
"2","Yes","Observed",0.0729357026942966,0.331537110282367,1.23611905745998,3.34558435278598,6.39973776658127
"3","No","Complete",0.166634016046636,0.601907558268617,1.66509845963692,3.5622314128448,6.00170976036741
"4","Yes","Complete",0.0529423661889387,0.24084608351456,0.900112908408732,2.47368892524367,4.90598822007965
