"","mean","min","q01","q10","q25","median","q75","q90","q99","max"
"1",0.58993,0.5674,0.57478,0.58138,0.5856,0.5901,0.5944,0.59822,0.602218,0.606
