"","left_truncation","test_sample","q0.1","q0.25","q0.5","q0.75","q0.9"
"1","No","Observed",0.249911872859402,0.846603970028344,2.31572329819816,4.97534160072153,8.19932515939287
"2","Yes","Observed",0.0798653943154793,0.355811982194017,1.32136621113602,3.57167721804704,6.863307947851
"3","No","Complete",0.177344926440982,0.627108976589204,1.73341884756561,3.74507238952479,6.34733842657216
"4","Yes","Complete",0.0575833210365525,0.255948698386954,0.95040863395889,2.60241925731811,5.19617625982171
