"","mean","min","q01","q10","q25","median","q75","q90","q99","max"
"1",0.323743,0.308,0.309192,0.31578,0.31935,0.3238,0.3284,0.3312,0.337002,0.3458
