"","Left truncation adjustment","Test sample","mean","min","q01","q10","q25","median","q75","q90","q99","max"
"1","No","Observed",0.696958786326356,0.647766825383566,0.662485828927751,0.677949888385946,0.68705941640934,0.69645717566381,0.707624651556184,0.716234765006364,0.734577204638247,0.735316774826089
"2","Yes","Observed",0.654581017300542,0.601441734142194,0.623164534155773,0.635446971464801,0.643415977736234,0.654644066749256,0.664916724106994,0.675849048206785,0.686376095641411,0.697006472491909
"3","No","Complete",0.651572986052223,0.611353811951938,0.631242517674019,0.636989001056167,0.643877924349384,0.651523494110845,0.658263387484989,0.664066070514817,0.676900969435578,0.681907275446468
"4","Yes","Complete",0.651328140300678,0.629448542641238,0.630512147116163,0.637402455795191,0.6432183951513,0.651022308705975,0.657875199390981,0.663490331857721,0.677090267986055,0.681822820445148
