"","mean","min","q01","q10","q25","median","q75","q90","q99","max"
"1",0.324341414141414,0.3074,0.31014,0.31594,0.31945,0.324,0.3288,0.3336,0.339806,0.34
