"","Left truncation adjustment","Test sample","mean","min","q01","q10","q25","median","q75","q90","q99","max"
"1","No","Observed",0.701447589908276,0.643647000735959,0.652737036463771,0.680385480987982,0.690385121608064,0.701809223555133,0.712986330076557,0.723702362008448,0.740427235543667,0.751994484388851
"2","Yes","Observed",0.627809955762978,0.581529825510618,0.59210848468567,0.605930320125582,0.617309874546883,0.628267114049704,0.639241044945656,0.648433184618452,0.664471962164288,0.672101869876592
"3","No","Complete",0.692750564868633,0.650846723961342,0.654309751815902,0.673781680911891,0.684258146986779,0.69359696361124,0.701734818531548,0.708628693540812,0.72447584386891,0.732202594248571
"4","Yes","Complete",0.663850887743333,0.620240545736012,0.62703562163581,0.644807272735673,0.655070671504639,0.666416252689383,0.673669900362002,0.680499555104772,0.68993358979245,0.696285105853395
