"","mean","min","q01","q10","q25","median","q75","q90","q99","max"
"1",0.955612613956824,1.47524469360721e-10,0.000311211764756803,0.0179001443995619,0.0831421673844835,0.309136639194428,0.916404827405046,2.23386902311109,10.0769207716159,100
