"","Estimate","Estimation sample","q0.1","q0.25","q0.5","q0.75","q0.9"
"1","True survival","Complete",0.0222753899151059,0.107233781982735,0.476937285849002,1.65772337344101,4.39054803411233
"2","Right censored adjusted survival","Complete",0.0224787216083003,0.109213876457889,0.494300948486364,2.0332197606625,6.6568900295442
"3","Right censored adjusted survival","Observed",0.0701800871070585,0.415491137631682,1.55031782919288,4.49550021025545,12.9017482560538
"4","Left truncated and right censored adjusted survival","Observed",0.025411735786462,0.105725820184076,0.502964455727343,2.04200651749457,6.69870685912296
