"","mean","min","q01","q10","q25","median","q75","q90","q99","max"
"1",0.960817792045737,1.21047808765176e-11,0.000300199198356066,0.0176223740266954,0.0827438316484792,0.309267607013151,0.916302814265123,2.24861641885934,10.2116832236345,100
