"","mean","min","q01","q10","q25","median","q75","q90","q99","max"
"1",0.957291491081392,2.29873330044124e-11,0.000302930913201039,0.0178007991305839,0.0832416845278416,0.309384105199279,0.917039699123841,2.23838705465025,10.1017387715609,100
