"user.self","sys.self","elapsed","user.child","sys.child","n_patients","n_sims"
7.286,12.558,777.535000000002,0.161000000000058,2.55700000000002,5000,200
