"","left_truncation","test_sample","q0.1","q0.25","q0.5","q0.75","q0.9"
"1","No","Observed",0.200556000364749,0.717594029574047,2.01349032026181,4.57908643202039,7.78467337021965
"2","Yes","Observed",0.0615229220636159,0.283862376670828,1.08359537285868,3.17002690148839,6.42591318995822
"3","No","Complete",0.147126087445602,0.551905673743026,1.56547135381144,3.52581936188919,6.14664276562315
"4","Yes","Complete",0.0463438479209888,0.214218017381103,0.816720859187854,2.37801783950868,4.95465318929596
