"","mean","min","q01","q10","q25","median","q75","q90","q99","max"
"1",0.324206,0.307,0.3102,0.3152,0.3203,0.3243,0.3288,0.3324,0.33721,0.3432
