"","left_truncation","test_sample","q0.1","q0.25","q0.5","q0.75","q0.9"
"1","No","Observed",0.211696821708299,0.749369459940469,2.10806382302086,4.78668404771422,8.05929047649411
"2","Yes","Observed",0.0660219003549611,0.303763950934653,1.15999863202163,3.32298899704257,6.72034165346906
"3","No","Complete",0.152383310935162,0.56596558448081,1.60655067657054,3.6221599505943,6.25353895409145
"4","Yes","Complete",0.0483927552410127,0.223063935212676,0.849687586593178,2.44101561063124,5.06002172141295
