"","left_truncation","test_sample","q0.1","q0.25","q0.5","q0.75","q0.9"
"1","No","Observed",0.242865873038745,0.830478435286301,2.25822635298491,4.87440010519262,7.98056297880799
"2","Yes","Observed",0.0768718658299601,0.346665131035837,1.28843809867059,3.53830013575187,6.77377006602952
"3","No","Complete",0.171253048580754,0.613531106439969,1.69397762456678,3.66611163203807,6.14568662535104
"4","Yes","Complete",0.0551108727824603,0.2480493323543,0.925086701265052,2.56381432615589,5.06883475334664
