"","mean","min","q01","q10","q25","median","q75","q90","q99","max"
"1",0.590227,0.5718,0.574196,0.58158,0.58535,0.5898,0.5949,0.5998,0.606224,0.6102
