"","mean","min","q01","q10","q25","median","q75","q90","q99","max"
"1",0.962416507916049,1.62091193731638e-10,0.000336162235643085,0.0175269646572138,0.0821962622807395,0.306215168858241,0.920905744541679,2.26788026424646,10.1386302907635,156.02385743311
