"","mean","min","q01","q10","q25","median","q75","q90","q99","max"
"1",0.590308,0.5684,0.572398,0.5822,0.5856,0.5896,0.5954,0.59902,0.609004,0.61
