"","Estimate","Estimation sample","q0.1","q0.25","q0.5","q0.75","q0.9"
"1","True survival","Complete",0.0284849264041252,0.135202819172793,0.520875794689395,1.41193368520279,3.1090782145153
"2","Right censored adjusted survival","Complete",0.0282705414382399,0.134994072342264,0.520679394876129,1.41431420918032,3.00762898052143
"3","Right censored adjusted survival","Observed",0.0802577759596301,0.426318252012182,1.10839115834137,2.30676973304057,4.76481021247617
"4","Left truncated and right censored adjusted survival","Observed",0.0290805810314303,0.126835441026333,0.553733760841026,1.43366579077329,3.00762898052143
