"","mean","min","q01","q10","q25","median","q75","q90","q99","max"
"1",0.59107,0.5762,0.578792,0.5828,0.58675,0.5911,0.5956,0.5992,0.607642,0.6122
