"","mean","min","q01","q10","q25","median","q75","q90","q99","max"
"1",1.05126481463999,9.59026513741007e-11,0.000687999703241024,0.0159077420225093,0.0720306588960391,0.289440768321288,0.96025100382651,2.51545744080475,11.5240044923734,100
