"user.self","sys.self","elapsed","user.child","sys.child","n_patients","n_sims"
8.61400000000003,15.239,1001.071,0.191999999999894,2.49200000000002,5000,200
