"","mean","min","q01","q10","q25","median","q75","q90","q99","max"
"1",0.324979,0.3078,0.309598,0.31598,0.32105,0.3246,0.32985,0.33302,0.338802,0.3406
