"","left_truncation","test_sample","q0.1","q0.25","q0.5","q0.75","q0.9"
"1","No","Observed",0.262517573428184,1.63609803857244,8.03297847707534,24.7847201010428,46.3657283826508
"2","Yes","Observed",0.0239019204153089,0.212179611547669,2.35979623504643,15.4981663905695,43.3336631549865
"3","No","Complete",0.1673449975125,1.07308052281639,5.25036029997228,17.0632154149384,34.7565162925512
"4","Yes","Complete",0.0188154564780799,0.146428675585207,1.54611523093451,10.6701472938341,33.4816853075902
