"","left_truncation","test_sample","q0.1","q0.25","q0.5","q0.75","q0.9"
"1","No","Observed",0.211972690748838,0.749559210950901,2.08654318343442,4.55811530757623,7.60476014080989
"2","Yes","Observed",0.0636480524068539,0.293039961584249,1.12228943590849,3.18796080492094,6.3030249940433
"3","No","Complete",0.153258652339425,0.567317647310424,1.59951678406448,3.51025735098134,6.00283877203759
"4","Yes","Complete",0.0472489805801061,0.217844484759829,0.831905571383629,2.37954770485926,4.85442328704664
