"","mean","min","q01","q10","q25","median","q75","q90","q99","max"
"1",0.930202247116681,3.46938018429125e-09,0.000323786883738197,0.0175776622946525,0.0822220494170605,0.308669500337034,0.914307765249431,2.20526191723182,9.58292553364075,100
