"","mean","min","q01","q10","q25","median","q75","q90","q99","max"
"1",0.58655,0.5632,0.570988,0.57796,0.58215,0.5873,0.5912,0.59406,0.6018,0.6018
