"","mean","min","q01","q10","q25","median","q75","q90","q99","max"
"1",0.324936,0.3078,0.310582,0.31596,0.32095,0.3247,0.3292,0.33262,0.341614,0.3472
