"","mean","min","q01","q10","q25","median","q75","q90","q99","max"
"1",0.543166,0.5264,0.52859,0.53318,0.5386,0.5438,0.5478,0.5512,0.556408,0.5592
