"","left_truncation","test_sample","q0.1","q0.25","q0.5","q0.75","q0.9"
"1","No","Observed",0.209140227786255,0.745135686996143,2.10834961763389,4.86868256476565,8.21043944658454
"2","Yes","Observed",0.0648504182826207,0.300441791470025,1.15786463871089,3.41182756408104,6.82733573597297
"3","No","Complete",0.150129022053332,0.562033107789681,1.60659107807655,3.66410446224963,6.32939038862486
"4","Yes","Complete",0.0474569895457878,0.220090061638398,0.846050948993124,2.47879801849215,5.10537845537964
