"","mean","min","q01","q10","q25","median","q75","q90","q99","max"
"1",0.934992764321332,1.02381974418841e-09,0.000330072591610298,0.0178376678810941,0.0832824532264083,0.309485011272736,0.912850581747064,2.21014145708721,9.64388381745448,100
