"","mean","min","q01","q10","q25","median","q75","q90","q99","max"
"1",0.323803,0.308,0.309996,0.3154,0.3196,0.3233,0.32805,0.3324,0.33843,0.3492
