"","Left truncation adjustment","Test sample","mean","min","q01","q10","q25","median","q75","q90","q99","max"
"1","No","Observed",0.69535927831491,0.649420534427072,0.65458283672938,0.68002767736733,0.68767599714219,0.69626106301401,0.705584566585549,0.713001523884117,0.720475894217669,0.720850667834465
"2","Yes","Observed",0.650986416938093,0.60708672383264,0.616442186143894,0.63289770596413,0.644391183235978,0.651711461887729,0.66003700070925,0.666207008210357,0.672390452955305,0.672842824776314
"3","No","Complete",0.64970808242591,0.622424204968834,0.626125334337575,0.639867189803823,0.645151564600142,0.650737297171606,0.655308588449889,0.659169182454371,0.666392665189951,0.666573935299007
"4","Yes","Complete",0.649054551918873,0.622704077128176,0.625846093605403,0.638017460151495,0.645198178430864,0.650141329220361,0.655744202045634,0.658206824477116,0.665980888341912,0.666875915463486
