"","Left truncation adjustment","Test sample","mean","min","q01","q10","q25","median","q75","q90","q99","max"
"1","No","Observed",0.72572943814177,0.692383494149045,0.693477439921193,0.70302996461515,0.717312039639528,0.72712873586338,0.734635665515991,0.743117481903801,0.758204268936022,0.770349521880447
"2","Yes","Observed",0.675828693682208,0.634195389871556,0.644030521029592,0.657129063155964,0.665829160971077,0.677119254900964,0.685976241416871,0.694089576785006,0.700636126405997,0.710770297201282
"3","No","Complete",0.68879372588252,0.655376482096894,0.66752360132413,0.677091903751095,0.682784217576406,0.68875562304559,0.695541944808436,0.700868989514216,0.708013146984671,0.71504098455657
"4","Yes","Complete",0.688160477907816,0.654726059235311,0.666814278692928,0.676646460248316,0.682443635545269,0.688486985435792,0.694646068507789,0.700467103561928,0.707037805209906,0.711530060393602
