"","Left truncation adjustment","Test sample","mean","min","q01","q10","q25","median","q75","q90","q99","max"
"1","No","Observed",0.698982575987681,0.654629975511559,0.666480184987315,0.68016010625057,0.689364119032208,0.701041808924956,0.708142817302764,0.717193148438777,0.730865317827207,0.734101037024697
"2","Yes","Observed",0.656560000382092,0.611181331119831,0.620484024518002,0.639214575859459,0.648205435596293,0.655070507824112,0.667520465881735,0.676317658872297,0.686013741908238,0.687041180495201
"3","No","Complete",0.651820782858117,0.626041937171051,0.629735335254888,0.638434637195113,0.644109635900718,0.652101740431552,0.659077232921916,0.664584242022215,0.675077061954445,0.682115283538837
"4","Yes","Complete",0.651256685300805,0.626219327088721,0.630809056969066,0.63805577342797,0.642993431993599,0.651196171341255,0.658902881691732,0.663348858275471,0.674202246908693,0.681174178930621
