"","mean","min","q01","q10","q25","median","q75","q90","q99","max"
"1",0.93509723131554,1.27610755585788e-11,0.000316111798238976,0.0178192179268096,0.083078571684042,0.309518818738747,0.916574269743162,2.20661190303405,9.65430289127963,100
