"","Estimate","Estimation sample","q0.1","q0.25","q0.5","q0.75","q0.9"
"1","True survival","Complete",0.0229192036470293,0.1121222198995,0.490440840964736,1.65075756577465,4.30407006569204
"2","Right censored adjusted survival","Complete",0.0231312364756996,0.112686387181979,0.502658627868896,2.02684038938077,6.15750900664159
"3","Right censored adjusted survival","Observed",0.0706181564320138,0.415389771588586,1.46234446722502,4.40820827016775,11.3502419282777
"4","Left truncated and right censored adjusted survival","Observed",0.0254342090868564,0.107942872941541,0.509935318324627,1.992784243048,6.26627876797558
