"","mean","min","q01","q10","q25","median","q75","q90","q99","max"
"1",0.59112,0.571,0.577962,0.58238,0.5862,0.5918,0.5952,0.60022,0.606404,0.6082
