"","Left truncation adjustment","Test sample","mean","min","q01","q10","q25","median","q75","q90","q99","max"
"1","No","Observed",0.697003899951315,0.666453011374231,0.667736145011243,0.676970972017852,0.689013947610108,0.70059229018873,0.707301709814686,0.711776250174268,0.718048742512056,0.718530068692317
"2","Yes","Observed",0.653400319722798,0.614537743085322,0.616752528829322,0.632874426366291,0.642756585698356,0.654770075497598,0.665116911139804,0.672588283844597,0.68123757059739,0.683922005195156
"3","No","Complete",0.652676792293962,0.629728263374953,0.631996946229756,0.639092022558574,0.644862666251954,0.653298538999151,0.65844321750863,0.667436667232454,0.674066281825781,0.675836857350868
"4","Yes","Complete",0.650988626457788,0.627692809599966,0.629990281580927,0.638191072257358,0.641858812238468,0.65199324435857,0.65545062086826,0.662026330306374,0.671232037678236,0.671866206091774
