"","mean","min","q01","q10","q25","median","q75","q90","q99","max"
"1",0.934854159483112,1.31511685426191e-09,0.000318899546397201,0.0178116703762887,0.0831542032406491,0.309490866804151,0.913910572477234,2.2076601424128,9.62773623318873,100
