"","mean","min","q01","q10","q25","median","q75","q90","q99","max"
"1",0.541255,0.5224,0.530344,0.5334,0.5372,0.5413,0.5455,0.54882,0.554402,0.5552
