"","mean","min","q01","q10","q25","median","q75","q90","q99","max"
"1",0.935097231315567,1.27610755585772e-11,0.000316111798238986,0.0178192179268086,0.0830785716840426,0.309518818738765,0.916574269743071,2.20661190303401,9.65430289127959,100
