"","mean","min","q01","q10","q25","median","q75","q90","q99","max"
"1",0.324827,0.305,0.30979,0.31638,0.3202,0.3243,0.33,0.3338,0.339602,0.3428
