"","Left truncation adjustment","Test sample","mean","min","q01","q10","q25","median","q75","q90","q99","max"
"1","No","Observed",0.713305963719082,0.664138182196556,0.671469373434889,0.691032160661426,0.7016825061276,0.71328412575955,0.726384599888467,0.735276368177349,0.753093893730754,0.764643287629953
"2","Yes","Observed",0.636441549051243,0.588310675284154,0.593773992525076,0.612285620910093,0.622758230255594,0.636030993690806,0.650485663347333,0.662648652646792,0.674399148102865,0.682384049402181
"3","No","Complete",0.708910043672114,0.672021060377129,0.678469869946609,0.693224061398594,0.700248575512178,0.709321959951659,0.717153825412819,0.724382750825778,0.73548122022571,0.747627426211964
"4","Yes","Complete",0.681629480801301,0.636553363546745,0.642917726926834,0.664383960378511,0.673782476564518,0.681466742405202,0.691220916055756,0.69956281979405,0.712495666481197,0.717592600759611
