"","Left truncation adjustment","Test sample","mean","min","q01","q10","q25","median","q75","q90","q99","max"
"1","No","Observed",0.6927496437998,0.66474931621022,0.666505380247534,0.677005921722305,0.68138490831656,0.689664893896248,0.701760913393772,0.71669984147442,0.731535167970934,0.734509521729074
"2","Yes","Observed",0.649523827846831,0.612203346694662,0.613179390983016,0.625246922058363,0.635981466697444,0.648254816268747,0.660999578420533,0.673728872417721,0.695508125375286,0.698310968689499
"3","No","Complete",0.6477504820621,0.626471131151331,0.626524388155007,0.635248056072529,0.640008623769933,0.646783551060835,0.656297194319657,0.660515794079825,0.666585739902771,0.668668641005023
"4","Yes","Complete",0.646733678250907,0.624288051407763,0.624441846369109,0.63527337884227,0.6388911216666,0.646355322124716,0.654653138408804,0.659799509362816,0.666998870039643,0.670615640539668
