"","Left truncation adjustment","Test sample","mean","min","q01","q10","q25","median","q75","q90","q99","max"
"1","No","Observed",0.692600246995155,0.643173850908158,0.651728678586384,0.67757686472104,0.681381537629062,0.692264257442043,0.702654292493715,0.709579927777843,0.727474163063287,0.729796739690259
"2","Yes","Observed",0.650038401280211,0.606183670264085,0.612374871889606,0.630401231734113,0.640286893703811,0.651697713733671,0.6600652326541,0.668195071237879,0.681213016021213,0.68662240366067
"3","No","Complete",0.651934440556921,0.611800850875071,0.622673030261948,0.639826857900274,0.644426941673952,0.652304769321634,0.659430740646682,0.665520990523326,0.671754643110517,0.672677967426525
"4","Yes","Complete",0.651065592383826,0.629234488648177,0.629821791471505,0.63812647907466,0.643774379184267,0.651242474948565,0.658184784845539,0.665510287688577,0.671195654666558,0.671922964868399
