"","mean","min","q01","q10","q25","median","q75","q90","q99","max"
"1",3.96793190863871,1.13822721891832e-11,0.000151682924278774,0.00782408500604102,0.0351749767236811,0.265167877947436,1.70731799585405,7.98581552783796,91.6566835528335,100
