"","left_truncation","test_sample","q0.1","q0.25","q0.5","q0.75","q0.9"
"1","No","Observed",0.236922210969018,0.806058134945179,2.18932686602495,4.65293096381598,7.60934631014262
"2","Yes","Observed",0.075552216080027,0.336432902748398,1.23962206772482,3.3523193094162,6.39249673691316
"3","No","Complete",0.170158389394088,0.605101563330708,1.66305210555078,3.56019461665035,5.97991252795805
"4","Yes","Complete",0.0551307845552195,0.245412820613497,0.90579419925081,2.47758970484372,4.89997506886266
