"","mean","min","q01","q10","q25","median","q75","q90","q99","max"
"1",0.588548,0.578,0.579568,0.58196,0.5838,0.5881,0.5922,0.59722,0.600306,0.6006
