"","Left truncation adjustment","Test sample","mean","min","q01","q10","q25","median","q75","q90","q99","max"
"1","No","Observed",0.699111062379334,0.658377164470185,0.668353675162971,0.682059622958357,0.688455572694867,0.698546716933474,0.709353622111414,0.717956202207867,0.72861649309941,0.745823189189885
"2","Yes","Observed",0.656453809627825,0.611819126819127,0.627288119049543,0.637441530750112,0.646231897708739,0.656253450271008,0.665638266767922,0.676003308823651,0.693212818533495,0.694954640925951
"3","No","Complete",0.653672125258815,0.628251401954864,0.63309037664207,0.640964868189144,0.646931969402345,0.653337651057176,0.659872275226224,0.667716970428959,0.677742566030184,0.683220705344968
"4","Yes","Complete",0.653125111125349,0.627017716279979,0.631398658251491,0.640556503079233,0.646503041361495,0.652683958245217,0.659609003890268,0.666722009304276,0.6770118382841,0.683710109566257
