"","mean","min","q01","q10","q25","median","q75","q90","q99","max"
"1",0.540568,0.5278,0.528998,0.5326,0.53655,0.5401,0.5442,0.5488,0.554206,0.5558
