"","Estimate","Estimation sample","q0.1","q0.25","q0.5","q0.75","q0.9"
"1","True survival","Complete",0.0299734487011341,0.137033925145793,0.510670893899187,1.41102333838827,3.15551260779549
"2","Right censored adjusted survival","Complete",0.0299549693731792,0.136826608656643,0.510504476009341,1.42591089375599,3.28024655445283
"3","Right censored adjusted survival","Observed",0.0879438449555391,0.420018390154284,1.14379480266199,2.44928080496903,4.47305898595554
"4","Left truncated and right censored adjusted survival","Observed",0.0280162479157207,0.136927091185491,0.511037163598947,1.44761230604641,3.23131000106829
