"","mean","min","q01","q10","q25","median","q75","q90","q99","max"
"1",0.324124,0.3014,0.311178,0.31698,0.32,0.3239,0.32805,0.332,0.338806,0.3396
