"","Left truncation adjustment","Test sample","mean","min","q01","q10","q25","median","q75","q90","q99","max"
"1","No","Observed",0.69890453761589,0.657895007932093,0.663599576676965,0.679534214349972,0.688975822266861,0.698816298094307,0.710024652249141,0.717327274081821,0.729893585049459,0.738673688979499
"2","Yes","Observed",0.656399532772055,0.606737732781555,0.623950137383974,0.638327706422109,0.644781731013378,0.65543751991125,0.668133218692364,0.678515250411292,0.686811854935188,0.691225002731942
"3","No","Complete",0.653880616264537,0.61693137489765,0.622158205909984,0.641680281882919,0.646930527569202,0.654663604348405,0.66068223312609,0.666800187768701,0.674540699285762,0.67765176521946
"4","Yes","Complete",0.653596631301493,0.61607682378727,0.629993575326732,0.641584631808374,0.646628218722492,0.654547466259662,0.660124050112452,0.666457595166142,0.674151694379602,0.678218911187088
