"","mean","min","q01","q10","q25","median","q75","q90","q99","max"
"1",0.592477419354839,0.5798,0.58034,0.5862,0.5886,0.593,0.5968,0.5994,0.60274,0.6034
