"","left_truncation","test_sample","q0.1","q0.25","q0.5","q0.75","q0.9"
"1","No","Observed",0.24843858673904,1.51819099999968,7.44019849324869,23.782417333458,45.5393314019368
"2","Yes","Observed",0.0225519928189093,0.196108807738201,2.11579041080487,14.4911864265631,41.984943309605
"3","No","Complete",0.161908332071832,1.02427678598512,4.9879190157659,16.6242385437514,34.4609903930533
"4","Yes","Complete",0.018141716471479,0.139250754810261,1.43415322790235,10.1399243337195,32.6411978379534
