"","mean","min","q01","q10","q25","median","q75","q90","q99","max"
"1",0.32423,0.3088,0.310386,0.31618,0.3196,0.3237,0.3284,0.33348,0.338826,0.3428
