"","mean","min","q01","q10","q25","median","q75","q90","q99","max"
"1",0.934854159483085,1.31511685426202e-09,0.000318899546397199,0.0178116703762904,0.0831542032406412,0.309490866804129,0.913910572477239,2.20766014241284,9.62773623318864,100
