"","left_truncation","test_sample","q0.1","q0.25","q0.5","q0.75","q0.9"
"1","No","Observed",0.297210831548298,0.985690274756206,2.65528542291125,5.57041631106342,9.13784402359314
"2","Yes","Observed",0.0895813095227436,0.399720693101396,1.49616323848734,4.06763394999809,7.89365382543037
"3","No","Complete",0.200236387014804,0.689383846160279,1.87850820768977,3.99718396738756,6.71891963581944
"4","Yes","Complete",0.0622586673401874,0.275805500742515,1.03092762478882,2.84362313595691,5.68807081721088
