"","mean","min","q01","q10","q25","median","q75","q90","q99","max"
"1",0.587445,0.5778,0.578346,0.58058,0.58275,0.586,0.5922,0.59522,0.599966,0.6002
