"","mean","min","q01","q10","q25","median","q75","q90","q99","max"
"1",0.590512,0.5788,0.578898,0.5818,0.58585,0.5899,0.59545,0.59902,0.603404,0.6036
