"","mean","min","q01","q10","q25","median","q75","q90","q99","max"
"1",0.323634,0.3064,0.311198,0.31538,0.31855,0.3232,0.3284,0.33186,0.338406,0.3392
