"","mean","min","q01","q10","q25","median","q75","q90","q99","max"
"1",4.17515970763844,1.42933680107549e-13,9.16540600356626e-05,0.00790499060469775,0.0366877609375906,0.266155432605543,1.68840206609039,8.18148906149696,100,100
