"","mean","min","q01","q10","q25","median","q75","q90","q99","max"
"1",0.591264,0.5788,0.578996,0.58118,0.58655,0.5923,0.5952,0.5978,0.603106,0.6034
