"","left_truncation","test_sample","q0.1","q0.25","q0.5","q0.75","q0.9"
"1","No","Observed",0.255742687923807,1.67793984823188,8.471121961422,26.6498939503548,49.5150983926939
"2","Yes","Observed",0.0217372023397882,0.197607725219524,2.38422994715421,16.4343703784138,46.1507313441388
"3","No","Complete",0.164745131572163,1.11186537147092,5.63596731750642,18.7338440399362,37.9253112701627
"4","Yes","Complete",0.0174971179287987,0.138430061353938,1.58271027769714,11.5399283097552,36.3370692550502
