"","mean","min","q01","q10","q25","median","q75","q90","q99","max"
"1",0.324283,0.3034,0.312148,0.31576,0.32015,0.3242,0.32885,0.3326,0.339204,0.34
