"","Left truncation adjustment","Test sample","mean","min","q01","q10","q25","median","q75","q90","q99","max"
"1","No","Observed",0.697747592604852,0.651319713689233,0.663939749180205,0.677835405832899,0.689014442024038,0.698936411136004,0.707155986433418,0.716704334602194,0.723893374382014,0.726427276712199
"2","Yes","Observed",0.656272710528257,0.61799591002045,0.6252381226214,0.636652885730912,0.647947385783336,0.656431852956264,0.666216272119637,0.6765107355485,0.686596674704331,0.694887452817138
"3","No","Complete",0.651877907586953,0.627782251131626,0.629704287527178,0.639094412135522,0.645941637944837,0.651755002470003,0.65927822852664,0.664397627707362,0.671870804349862,0.674045873039831
"4","Yes","Complete",0.65131097225343,0.627287141895858,0.630352858670427,0.637959652721582,0.6454078080127,0.650980669305975,0.658493351627743,0.664151327607106,0.672202972397821,0.673516461033474
